full_link,title
https://www.wg-gesucht.de/en/wg-zimmer-in-Duesseldorf.11053615.html,N/A
https://www.wg-gesucht.de/en/wg-zimmer-in-Duesseldorf.10999028.html,N/A
https://www.wg-gesucht.de/en/wg-zimmer-in-Duesseldorf-Flehe.11037219.html,N/A
https://www.wg-gesucht.de/en/wg-zimmer-in-Duesseldorf-Unterbilk.11056689.html,N/A
https://www.wg-gesucht.de/en/wg-zimmer-in-Duesseldorf-Derendorf-Golzheim-Pempelfort.9721873.html,N/A
https://www.wg-gesucht.de/en/wg-zimmer-in-Duesseldorf-Stadtmitte.7664812.html,N/A
https://www.wg-gesucht.de/en/wg-zimmer-in-Duesseldorf-Ludenberg.10420606.html,N/A
https://www.wg-gesucht.de/en/wg-zimmer-in-Duesseldorf-Oberbilk.6094024.html,N/A
https://www.wg-gesucht.de/en/wg-zimmer-in-Duesseldorf-Wersten.11021755.html,N/A
https://www.wg-gesucht.de/en/wg-zimmer-in-Duesseldorf-Stadtmitte.6250671.html,N/A
https://www.wg-gesucht.de/en/wg-zimmer-in-Duesseldorf-Wersten.11050455.html,N/A
https://www.wg-gesucht.de/en/wg-zimmer-in-Duesseldorf-Friedrichstadt.10740088.html,N/A
https://www.wg-gesucht.de/en/wg-zimmer-in-Duesseldorf-Oberbilk.8036373.html,N/A
https://www.wg-gesucht.de/en/wg-zimmer-in-Duesseldorf-Stadtmitte.8479062.html,N/A
https://www.wg-gesucht.de/en/wg-zimmer-in-Duesseldorf-Friedrichstadt.11052358.html,N/A
https://www.wg-gesucht.de/en/wg-zimmer-in-Duesseldorf-Bilk.10183701.html,N/A
https://www.wg-gesucht.de/en/wg-zimmer-in-Duesseldorf-Stadtmitte.11029574.html,N/A
https://www.wg-gesucht.de/en/wg-zimmer-in-Duesseldorf-Derendorf.8121618.html,N/A
https://www.wg-gesucht.de/en/wg-zimmer-in-Duesseldorf-Derendorf.5553469.html,N/A
https://www.wg-gesucht.de/en/wg-zimmer-in-Duesseldorf-Wersten.11041333.html,N/A
https://www.wg-gesucht.de/en/wg-zimmer-in-Duesseldorf-Benrath.11010947.html,N/A
